{"cameraMode":{"drawMode":0,"name":"Shaded","section":"Shading Mode"},"sceneLighting":true,"audioPlay":false,"sceneViewState":{"showFog":true,"showMaterialUpdate":false,"showSkybox":true,"showFlares":true,"showImageEffects":true,"showParticleSystems":true},"in2DMode":false,"pivot":{"x":30.655078887939454,"y":-2.389068126678467,"z":-2.6093530654907228},"rotation":{"x":-0.0037291734479367735,"y":0.9837164282798767,"z":-0.17870038747787476,"w":-0.020359989255666734},"size":37.04279327392578,"orthographic":true}